Timestamp,Site - PV Power,Site - Load Power,Site - Grid Power,Site - Battery Power
Mon Nov 06 2017 00:00:00 GMT+0800 (SGT),0.012,3.6335,3.627,0.005
Mon Nov 06 2017 00:01:00 GMT+0800 (SGT),0.012,3.0085,3.005,0.0075
Mon Nov 06 2017 00:02:00 GMT+0800 (SGT),0.012,2.9905,2.984,0.005
Mon Nov 06 2017 00:03:00 GMT+0800 (SGT),0.012,3.005,2.999,0.005
Mon Nov 06 2017 00:04:00 GMT+0800 (SGT),0.012,3.199,3.19,0.0025
Mon Nov 06 2017 00:05:00 GMT+0800 (SGT),0.012,3.185,3.179,0.005
Mon Nov 06 2017 00:06:00 GMT+0800 (SGT),0.012,3.1665,3.16,0.005
Mon Nov 06 2017 00:07:00 GMT+0800 (SGT),0.012,3.165,3.4845,0.005
Mon Nov 06 2017 00:08:00 GMT+0800 (SGT),0.012,3.5645,3.5585,0.005
Mon Nov 06 2017 00:09:00 GMT+0800 (SGT),0.012,3.5825,3.5765,0.005
Mon Nov 06 2017 00:10:00 GMT+0800 (SGT),0.012,3.5635,3.557,0.005
Mon Nov 06 2017 00:11:00 GMT+0800 (SGT),0.012,3.5605,3.562,0.005
Mon Nov 06 2017 00:12:00 GMT+0800 (SGT),0.012,3.5605,3.5545,0.005
Mon Nov 06 2017 00:13:00 GMT+0800 (SGT),0.012,3.5275,3.5215,0.005
Mon Nov 06 2017 00:14:00 GMT+0800 (SGT),0.012,3.385,3.379,0.005
Mon Nov 06 2017 00:15:00 GMT+0800 (SGT),0.012,3.368,3.362,0.005
Mon Nov 06 2017 00:16:00 GMT+0800 (SGT),0.012,3.3765,3.3705,0.005
Mon Nov 06 2017 00:17:00 GMT+0800 (SGT),0.012,3.5965,3.5905,0.005
Mon Nov 06 2017 00:18:00 GMT+0800 (SGT),0.012,3.5955,3.5895,0.005
Mon Nov 06 2017 00:19:00 GMT+0800 (SGT),0.012,3.6085,3.6025,0.005
Mon Nov 06 2017 00:20:00 GMT+0800 (SGT),0.012,3.594,3.601,0.005
Mon Nov 06 2017 00:21:00 GMT+0800 (SGT),0.012,3.588,3.5815,0.005
Mon Nov 06 2017 00:22:00 GMT+0800 (SGT),0.012,3.587,3.581,0.005
Mon Nov 06 2017 00:23:00 GMT+0800 (SGT),0.012,3.588,3.582,0.005
Mon Nov 06 2017 00:24:00 GMT+0800 (SGT),0.012,3.5035,3.4975,0.005
Mon Nov 06 2017 00:25:00 GMT+0800 (SGT),0.012,3.4965,3.505,0.005
Mon Nov 06 2017 00:26:00 GMT+0800 (SGT),0.012,3.463,3.457,0.005
Mon Nov 06 2017 00:27:00 GMT+0800 (SGT),0.012,3.2195,3.2135,0.005
Mon Nov 06 2017 00:28:00 GMT+0800 (SGT),0.012,2.965,2.959,0.005
Mon Nov 06 2017 00:29:00 GMT+0800 (SGT),0.012,2.701,2.695,0.005
Mon Nov 06 2017 00:30:00 GMT+0800 (SGT),0.012,2.686,2.68,0.005
Mon Nov 06 2017 00:31:00 GMT+0800 (SGT),0.012,2.6925,2.6865,0.005
Mon Nov 06 2017 00:32:00 GMT+0800 (SGT),0.012,2.7935,2.7875,0.005
Mon Nov 06 2017 00:33:00 GMT+0800 (SGT),0.012,2.782,2.776,0.005
Mon Nov 06 2017 00:34:00 GMT+0800 (SGT),0.012,2.7865,2.7805,0.005
Mon Nov 06 2017 00:35:00 GMT+0800 (SGT),0.012,2.79,2.7865,0.0075
Mon Nov 06 2017 00:36:00 GMT+0800 (SGT),0.012,2.787,2.7805,0.005
Mon Nov 06 2017 00:37:00 GMT+0800 (SGT),0.012,3.497,3.133,0.005
Mon Nov 06 2017 00:38:00 GMT+0800 (SGT),0.012,3.462,3.4555,0.005
Mon Nov 06 2017 00:39:00 GMT+0800 (SGT),0.012,3.4745,3.466,0.005
Mon Nov 06 2017 00:40:00 GMT+0800 (SGT),0.012,3.462,3.456,0.005
Mon Nov 06 2017 00:41:00 GMT+0800 (SGT),0.012,3.643,3.637,0.005
Mon Nov 06 2017 00:42:00 GMT+0800 (SGT),0.012,4.054,3.8065,0.005
Mon Nov 06 2017 00:43:00 GMT+0800 (SGT),0.012,3.967,3.961,0.005
Mon Nov 06 2017 00:44:00 GMT+0800 (SGT),0.012,3.9655,3.9595,0.005
Mon Nov 06 2017 00:45:00 GMT+0800 (SGT),0.012,3.975,3.9685,0.005
Mon Nov 06 2017 00:46:00 GMT+0800 (SGT),0.012,3.9985,4.041,0.005
Mon Nov 06 2017 00:47:00 GMT+0800 (SGT),0.012,4.055,4.049,0.005
Mon Nov 06 2017 00:48:00 GMT+0800 (SGT),0.012,4.052,4.046,0.005
Mon Nov 06 2017 00:49:00 GMT+0800 (SGT),0.012,4.0545,4.054,0.005
Mon Nov 06 2017 00:50:00 GMT+0800 (SGT),0.012,4.133,4.0145,0.0075
Mon Nov 06 2017 00:51:00 GMT+0800 (SGT),0.012,3.902,3.896,0.005
Mon Nov 06 2017 00:52:00 GMT+0800 (SGT),0.012,3.899,3.8925,0.005
Mon Nov 06 2017 00:53:00 GMT+0800 (SGT),0.012,4.0015,3.9955,0.005
Mon Nov 06 2017 00:54:00 GMT+0800 (SGT),0.012,4.024,4.0145,0.005
Mon Nov 06 2017 00:55:00 GMT+0800 (SGT),0.012,4.018,4.012,0.005
Mon Nov 06 2017 00:56:00 GMT+0800 (SGT),0.012,3.9985,3.992,0.005
Mon Nov 06 2017 00:57:00 GMT+0800 (SGT),0.012,3.994,4,0.005
Mon Nov 06 2017 00:58:00 GMT+0800 (SGT),0.012,4.0085,4.0025,0.005
Mon Nov 06 2017 00:59:00 GMT+0800 (SGT),0.012,3.987,3.981,0.005
Mon Nov 06 2017 01:00:00 GMT+0800 (SGT),0.012,4.231,4.221,0.005
Mon Nov 06 2017 01:01:00 GMT+0800 (SGT),0.012,4.21,4.204,0.005
Mon Nov 06 2017 01:02:00 GMT+0800 (SGT),0.012,4.321,4.315,0.005
Mon Nov 06 2017 01:03:00 GMT+0800 (SGT),0.012,4.2975,4.2915,0.005
Mon Nov 06 2017 01:04:00 GMT+0800 (SGT),0.012,4.298,4.292,0.005
Mon Nov 06 2017 01:05:00 GMT+0800 (SGT),0.012,4.5465,4.5405,0.005
Mon Nov 06 2017 01:06:00 GMT+0800 (SGT),0.012,,4.423,0.005
Mon Nov 06 2017 01:07:00 GMT+0800 (SGT),0.012,4.3855,4.3795,0.005
Mon Nov 06 2017 01:08:00 GMT+0800 (SGT),0.012,4.3255,4.3195,0.005
Mon Nov 06 2017 01:09:00 GMT+0800 (SGT),0.012,4.311,,0.005
Mon Nov 06 2017 01:10:00 GMT+0800 (SGT),0.012,4.3275,4.319,0.005
Mon Nov 06 2017 01:11:00 GMT+0800 (SGT),0.012,4.2245,4.226,0.005
Mon Nov 06 2017 01:12:00 GMT+0800 (SGT),0.012,4.2245,4.2185,0.005
Mon Nov 06 2017 01:13:00 GMT+0800 (SGT),0.012,4.2195,4.205,0.005
Mon Nov 06 2017 01:14:00 GMT+0800 (SGT),0.012,4.215,4.209,0.005
Mon Nov 06 2017 01:15:00 GMT+0800 (SGT),0.012,4.212,4.206,0.005
Mon Nov 06 2017 01:16:00 GMT+0800 (SGT),0.012,3.9095,3.9035,0.005
Mon Nov 06 2017 01:17:00 GMT+0800 (SGT),0.012,3.638,3.632,0.005
Mon Nov 06 2017 01:18:00 GMT+0800 (SGT),0.012,3.625,3.617,0.005
Mon Nov 06 2017 01:19:00 GMT+0800 (SGT),0.012,3.538,3.522,0.005
Mon Nov 06 2017 01:20:00 GMT+0800 (SGT),0.012,3.5385,3.535,0.0075
Mon Nov 06 2017 01:21:00 GMT+0800 (SGT),0.012,3.529,3.523,0.005
Mon Nov 06 2017 01:22:00 GMT+0800 (SGT),0.012,3.5355,3.5295,0.005
Mon Nov 06 2017 01:23:00 GMT+0800 (SGT),0.012,3.523,3.517,0.005
Mon Nov 06 2017 01:24:00 GMT+0800 (SGT),0.012,3.517,3.511,0.005
Mon Nov 06 2017 01:25:00 GMT+0800 (SGT),0.012,3.5435,3.5375,0.005
Mon Nov 06 2017 01:26:00 GMT+0800 (SGT),0.012,3.539,3.533,0.005
Mon Nov 06 2017 01:27:00 GMT+0800 (SGT),0.012,3.5315,3.528,0.005
Mon Nov 06 2017 01:28:00 GMT+0800 (SGT),0.012,3.483,3.477,0.005
Mon Nov 06 2017 01:29:00 GMT+0800 (SGT),0.012,3.467,3.415,0.0075
Mon Nov 06 2017 01:30:00 GMT+0800 (SGT),0.012,3.4025,3.3965,0.005
Mon Nov 06 2017 01:31:00 GMT+0800 (SGT),0.012,3.3885,3.385,0.0075
Mon Nov 06 2017 01:32:00 GMT+0800 (SGT),0.012,3.3925,3.3865,0.005
Mon Nov 06 2017 01:33:00 GMT+0800 (SGT),0.012,3.383,4.029,0.005
Mon Nov 06 2017 01:34:00 GMT+0800 (SGT),0.012,4.002,3.996,0.005
Mon Nov 06 2017 01:35:00 GMT+0800 (SGT),0.012,3.908,3.8965,0.005
Mon Nov 06 2017 01:36:00 GMT+0800 (SGT),0.012,3.898,3.89,0.005
Mon Nov 06 2017 01:37:00 GMT+0800 (SGT),0.012,3.9005,3.897,0.0075
Mon Nov 06 2017 01:38:00 GMT+0800 (SGT),0.012,3.911,3.905,0.005
Mon Nov 06 2017 01:39:00 GMT+0800 (SGT),0.012,3.898,3.8925,0.005
Mon Nov 06 2017 01:40:00 GMT+0800 (SGT),0.012,4.033,4.0865,0.005
Mon Nov 06 2017 01:41:00 GMT+0800 (SGT),0.012,4.0425,4.0365,0.005
Mon Nov 06 2017 01:42:00 GMT+0800 (SGT),0.012,4.039,4.033,0.005
Mon Nov 06 2017 01:43:00 GMT+0800 (SGT),0.012,4.0385,4.032,0.005
Mon Nov 06 2017 01:44:00 GMT+0800 (SGT),0.012,4.0315,4.0255,0.005
Mon Nov 06 2017 01:45:00 GMT+0800 (SGT),0.012,4.008,4.002,0.005
Mon Nov 06 2017 01:46:00 GMT+0800 (SGT),0.012,4.023,4.0165,0.005
Mon Nov 06 2017 01:47:00 GMT+0800 (SGT),0.012,4.03,4.024,0.005
Mon Nov 06 2017 01:48:00 GMT+0800 (SGT),0.012,4.1755,4.1695,0.005
Mon Nov 06 2017 01:49:00 GMT+0800 (SGT),0.012,4.235,,0.005
Mon Nov 06 2017 01:50:00 GMT+0800 (SGT),0.012,4.063,4.057,0.005
Mon Nov 06 2017 01:51:00 GMT+0800 (SGT),0.012,3.912,3.906,0.005
Mon Nov 06 2017 01:52:00 GMT+0800 (SGT),0.012,3.917,3.911,0.005
Mon Nov 06 2017 01:53:00 GMT+0800 (SGT),0.012,3.918,3.912,0.005
Mon Nov 06 2017 01:54:00 GMT+0800 (SGT),0.012,3.9265,3.92,0.005
Mon Nov 06 2017 01:55:00 GMT+0800 (SGT),0.012,4.255,4.249,0.005
Mon Nov 06 2017 01:56:00 GMT+0800 (SGT),0.012,4.0065,4.018,0.005
Mon Nov 06 2017 01:57:00 GMT+0800 (SGT),0.012,4.005,4.007,0.005
Mon Nov 06 2017 01:58:00 GMT+0800 (SGT),0.012,4.016,4.004,0.005
Mon Nov 06 2017 01:59:00 GMT+0800 (SGT),0.012,3.9925,3.9865,0.005
Mon Nov 06 2017 02:00:00 GMT+0800 (SGT),0.012,3.988,3.982,0.005
Mon Nov 06 2017 02:01:00 GMT+0800 (SGT),0.012,4.088,4.084,0.0075
Mon Nov 06 2017 02:02:00 GMT+0800 (SGT),0.012,4.079,4.0725,0.005
Mon Nov 06 2017 02:03:00 GMT+0800 (SGT),0.012,4.082,4.0855,0.005
Mon Nov 06 2017 02:04:00 GMT+0800 (SGT),0.012,4.099,4.093,0.005
Mon Nov 06 2017 02:05:00 GMT+0800 (SGT),0.012,4.095,,0.005
Mon Nov 06 2017 02:06:00 GMT+0800 (SGT),0.012,4.087,4.0805,0.005
Mon Nov 06 2017 02:07:00 GMT+0800 (SGT),0.012,3.489,3.483,0.005
Mon Nov 06 2017 02:08:00 GMT+0800 (SGT),0.012,3.5,3.494,0.005
Mon Nov 06 2017 02:09:00 GMT+0800 (SGT),0.012,3.4905,3.4845,0.005
Mon Nov 06 2017 02:10:00 GMT+0800 (SGT),0.012,3.233,3.2265,0.005
Mon Nov 06 2017 02:11:00 GMT+0800 (SGT),0.012,3.179,3.173,0.005
Mon Nov 06 2017 02:12:00 GMT+0800 (SGT),0.012,3.2345,3.231,0.0075
Mon Nov 06 2017 02:13:00 GMT+0800 (SGT),0.012,3.2705,3.264,0.005
Mon Nov 06 2017 02:14:00 GMT+0800 (SGT),0.012,3.2705,3.264,0.005
Mon Nov 06 2017 02:15:00 GMT+0800 (SGT),0.012,3.3805,3.3745,0.005
Mon Nov 06 2017 02:16:00 GMT+0800 (SGT),0.012,3.4025,3.41,0.005
Mon Nov 06 2017 02:17:00 GMT+0800 (SGT),0.012,3.615,3.6115,0.0075
Mon Nov 06 2017 02:18:00 GMT+0800 (SGT),0.012,4.1265,4.1175,0.0025
Mon Nov 06 2017 02:19:00 GMT+0800 (SGT),0.012,4.5425,4.5365,0.005
Mon Nov 06 2017 02:20:00 GMT+0800 (SGT),0.012,4.1415,4.135,0.005
Mon Nov 06 2017 02:21:00 GMT+0800 (SGT),0.012,4.142,4.136,0.005
Mon Nov 06 2017 02:22:00 GMT+0800 (SGT),0.012,4.1425,4.123,0.005
Mon Nov 06 2017 02:23:00 GMT+0800 (SGT),0.012,4.206,4.2,0.005
Mon Nov 06 2017 02:24:00 GMT+0800 (SGT),,4.807,,0.005
Mon Nov 06 2017 02:25:00 GMT+0800 (SGT),0.012,4.7505,4.7445,0.005
Mon Nov 06 2017 02:26:00 GMT+0800 (SGT),0.012,4.7335,4.7275,0.005
Mon Nov 06 2017 02:27:00 GMT+0800 (SGT),0.012,4.738,4.721,0.005
Mon Nov 06 2017 02:28:00 GMT+0800 (SGT),0.012,5.0995,5.093,0.005
Mon Nov 06 2017 02:29:00 GMT+0800 (SGT),0.012,4.74,4.7315,0.0025
Mon Nov 06 2017 02:30:00 GMT+0800 (SGT),0.012,4.7085,4.7025,0.005
Mon Nov 06 2017 02:31:00 GMT+0800 (SGT),0.012,4.6315,4.6255,0.005
Mon Nov 06 2017 02:32:00 GMT+0800 (SGT),0.012,4.4495,4.4435,0.005
Mon Nov 06 2017 02:33:00 GMT+0800 (SGT),0.012,4.357,4.3885,0.005
Mon Nov 06 2017 02:34:00 GMT+0800 (SGT),0.012,4.3565,4.3505,0.005
Mon Nov 06 2017 02:35:00 GMT+0800 (SGT),0.012,4.2575,4.2515,0.005
Mon Nov 06 2017 02:36:00 GMT+0800 (SGT),0.012,4.153,4.147,0.005
Mon Nov 06 2017 02:37:00 GMT+0800 (SGT),0.012,4.147,4.141,0.005
Mon Nov 06 2017 02:38:00 GMT+0800 (SGT),0.012,4.1285,4.1225,
Mon Nov 06 2017 02:39:00 GMT+0800 (SGT),0.012,4.139,4.133,0.005
Mon Nov 06 2017 02:40:00 GMT+0800 (SGT),0.012,4.212,4.206,0.005
Mon Nov 06 2017 02:41:00 GMT+0800 (SGT),0.012,4.056,4.057,0.005
Mon Nov 06 2017 02:42:00 GMT+0800 (SGT),0.012,4.1655,4.1595,0.005
Mon Nov 06 2017 02:43:00 GMT+0800 (SGT),0.012,4.2945,4.2885,0.005
Mon Nov 06 2017 02:44:00 GMT+0800 (SGT),0.012,4.2735,4.2675,0.005
Mon Nov 06 2017 02:45:00 GMT+0800 (SGT),0.012,4.2525,4.2465,0.005
Mon Nov 06 2017 02:46:00 GMT+0800 (SGT),0.012,4.269,,0.005
Mon Nov 06 2017 02:47:00 GMT+0800 (SGT),0.012,4.267,4.261,0.005
Mon Nov 06 2017 02:48:00 GMT+0800 (SGT),0.012,4.0545,4.048,0.005
Mon Nov 06 2017 02:49:00 GMT+0800 (SGT),0.012,4.047,4.0275,0.005
Mon Nov 06 2017 02:50:00 GMT+0800 (SGT),0.012,4.041,4.041,0.005
Mon Nov 06 2017 02:51:00 GMT+0800 (SGT),0.012,4.174,4.168,0.005
Mon Nov 06 2017 02:52:00 GMT+0800 (SGT),0.012,4.1535,4.1475,0.005
Mon Nov 06 2017 02:53:00 GMT+0800 (SGT),0.012,4.16,4.154,0.005
Mon Nov 06 2017 02:54:00 GMT+0800 (SGT),0.012,4.213,4.207,0.005
Mon Nov 06 2017 02:55:00 GMT+0800 (SGT),0.012,4.4215,4.4155,0.005
Mon Nov 06 2017 02:56:00 GMT+0800 (SGT),0.012,4.438,4.432,0.005
Mon Nov 06 2017 02:57:00 GMT+0800 (SGT),0.012,4.4975,4.4915,0.005
Mon Nov 06 2017 02:58:00 GMT+0800 (SGT),0.012,4.431,4.425,0.005
Mon Nov 06 2017 02:59:00 GMT+0800 (SGT),0.012,4.4265,4.4205,0.005
Mon Nov 06 2017 03:00:00 GMT+0800 (SGT),0.012,3.943,3.937,0.005
Mon Nov 06 2017 03:01:00 GMT+0800 (SGT),0.012,3.232,3.226,0.005
Mon Nov 06 2017 03:02:00 GMT+0800 (SGT),0.012,3.192,3.191,0.01
Mon Nov 06 2017 03:03:00 GMT+0800 (SGT),0.012,3.1865,3.1805,0.005
Mon Nov 06 2017 03:04:00 GMT+0800 (SGT),0.012,3.2445,3.241,0.0075
Mon Nov 06 2017 03:05:00 GMT+0800 (SGT),0.012,3.1785,3.1725,0.005
Mon Nov 06 2017 03:06:00 GMT+0800 (SGT),0.012,3.1605,3.1565,0.0075
Mon Nov 06 2017 03:07:00 GMT+0800 (SGT),0.012,3.1595,3.153,0.005
Mon Nov 06 2017 03:08:00 GMT+0800 (SGT),0.012,3.145,3.139,0.005
Mon Nov 06 2017 03:09:00 GMT+0800 (SGT),0.012,3.1345,3.1285,0.005
Mon Nov 06 2017 03:10:00 GMT+0800 (SGT),0.012,3.0645,3.0585,0.005
Mon Nov 06 2017 03:11:00 GMT+0800 (SGT),0.012,3.0765,3.07,0.005
Mon Nov 06 2017 03:12:00 GMT+0800 (SGT),0.012,2.851,2.845,0.005
Mon Nov 06 2017 03:13:00 GMT+0800 (SGT),0.012,2.855,2.837,
Mon Nov 06 2017 03:14:00 GMT+0800 (SGT),0.012,2.8405,2.8345,0.005
Mon Nov 06 2017 03:15:00 GMT+0800 (SGT),0.012,2.861,2.855,0.005
Mon Nov 06 2017 03:16:00 GMT+0800 (SGT),0.012,2.803,2.797,0.005
Mon Nov 06 2017 03:17:00 GMT+0800 (SGT),0.055,2.7215,2.672,0.005
Mon Nov 06 2017 03:18:00 GMT+0800 (SGT),0.1015,3.383,2.9745,0.005
Mon Nov 06 2017 03:19:00 GMT+0800 (SGT),0.103,3.3565,3.259,0.005
Mon Nov 06 2017 03:20:00 GMT+0800 (SGT),0.091,3.3695,3.2845,0.005
Mon Nov 06 2017 03:21:00 GMT+0800 (SGT),,3.275,3.307,
Mon Nov 06 2017 03:22:00 GMT+0800 (SGT),0.067,3.288,3.223,0.005
Mon Nov 06 2017 03:23:00 GMT+0800 (SGT),0.06,3.28,,0.005
Mon Nov 06 2017 03:24:00 GMT+0800 (SGT),0.083,3.2495,3.171,
Mon Nov 06 2017 03:25:00 GMT+0800 (SGT),,,,0.005
Mon Nov 06 2017 03:26:00 GMT+0800 (SGT),0.103,3.243,,0.005
Mon Nov 06 2017 03:27:00 GMT+0800 (SGT),0.12,3.3455,3.321,0.005
Mon Nov 06 2017 03:28:00 GMT+0800 (SGT),0.135,,3.086,
Mon Nov 06 2017 03:29:00 GMT+0800 (SGT),0.15,3.033,2.878,0.005
Mon Nov 06 2017 03:30:00 GMT+0800 (SGT),0.165,,2.9015,0.005
Mon Nov 06 2017 03:31:00 GMT+0800 (SGT),0.181,3.0285,2.883,
Mon Nov 06 2017 03:32:00 GMT+0800 (SGT),,3.0815,2.909,0.005
Mon Nov 06 2017 03:33:00 GMT+0800 (SGT),,,2.89,0.005
Mon Nov 06 2017 03:34:00 GMT+0800 (SGT),0.223,,2.86,0.0075
Mon Nov 06 2017 03:35:00 GMT+0800 (SGT),0.209,3.048,2.814,
Mon Nov 06 2017 03:36:00 GMT+0800 (SGT),0.227,3.032,,0.005
Mon Nov 06 2017 03:37:00 GMT+0800 (SGT),,3.021,2.793,0.005
Mon Nov 06 2017 03:38:00 GMT+0800 (SGT),0.246,,,
Mon Nov 06 2017 03:39:00 GMT+0800 (SGT),,3.271,,0.005
Mon Nov 06 2017 03:40:00 GMT+0800 (SGT),0.27,3.312,3.029,0.005
Mon Nov 06 2017 03:41:00 GMT+0800 (SGT),0.291,3.246,2.964,0.005
Mon Nov 06 2017 03:42:00 GMT+0800 (SGT),0.304,,2.9715,
Mon Nov 06 2017 03:43:00 GMT+0800 (SGT),0.322,,3.0415,0.005
Mon Nov 06 2017 03:44:00 GMT+0800 (SGT),0.417,,,0.005
Mon Nov 06 2017 03:45:00 GMT+0800 (SGT),0.495,3.289,2.712,0.005
Mon Nov 06 2017 03:46:00 GMT+0800 (SGT),0.593,3.213,,
Mon Nov 06 2017 03:47:00 GMT+0800 (SGT),0.879,,2.542,
Mon Nov 06 2017 03:48:00 GMT+0800 (SGT),1.04,3.166,2.034,
Mon Nov 06 2017 03:49:00 GMT+0800 (SGT),,,2.356,
Mon Nov 06 2017 03:50:00 GMT+0800 (SGT),1.1055,3.243,2.081,0.005
Mon Nov 06 2017 03:51:00 GMT+0800 (SGT),1.397,3.21,1.819,0.005
Mon Nov 06 2017 03:52:00 GMT+0800 (SGT),1.684,2.597,,
Mon Nov 06 2017 03:53:00 GMT+0800 (SGT),1.378,2.73,1.239,0.005
Mon Nov 06 2017 03:54:00 GMT+0800 (SGT),2.016,2.477,,0.005
Mon Nov 06 2017 03:55:00 GMT+0800 (SGT),1.6805,2.847,,0.005
Mon Nov 06 2017 03:56:00 GMT+0800 (SGT),1.457,2.643,,0.01
Mon Nov 06 2017 03:57:00 GMT+0800 (SGT),,2.784,,0.005
Mon Nov 06 2017 03:58:00 GMT+0800 (SGT),1.985,,0.782,0.0075
Mon Nov 06 2017 03:59:00 GMT+0800 (SGT),2.079,,0.8715,0.005
Mon Nov 06 2017 04:00:00 GMT+0800 (SGT),,,0.8475,0.005
Mon Nov 06 2017 04:01:00 GMT+0800 (SGT),2.339,2.476,0.0405,0.02
Mon Nov 06 2017 04:02:00 GMT+0800 (SGT),2.5225,2.347,0.041,0.106
Mon Nov 06 2017 04:03:00 GMT+0800 (SGT),,2.429,0.652,0.005
Mon Nov 06 2017 04:04:00 GMT+0800 (SGT),1.998,,,
Mon Nov 06 2017 04:05:00 GMT+0800 (SGT),,1.981,-0.317,0.015
Mon Nov 06 2017 04:06:00 GMT+0800 (SGT),3.153,1.897,-0.0385,1.024
Mon Nov 06 2017 04:08:00 GMT+0800 (SGT),2.8465,2.661,0.275,0.507
Mon Nov 06 2017 04:09:00 GMT+0800 (SGT),2.0615,2.456,,
Mon Nov 06 2017 04:10:00 GMT+0800 (SGT),2.432,,0.028,0.005
Mon Nov 06 2017 04:11:00 GMT+0800 (SGT),2.649,2.5465,0.035,
Mon Nov 06 2017 04:12:00 GMT+0800 (SGT),,2.559,,0.005
Mon Nov 06 2017 04:13:00 GMT+0800 (SGT),2.328,,0.156,
Mon Nov 06 2017 04:14:00 GMT+0800 (SGT),2.503,2.431,-0.125,0.015
Mon Nov 06 2017 04:15:00 GMT+0800 (SGT),2.793,1.925,0.088,0.5775
Mon Nov 06 2017 04:16:00 GMT+0800 (SGT),2.7865,2.66,,
Mon Nov 06 2017 04:17:00 GMT+0800 (SGT),2.528,2.5465,0.037,
Mon Nov 06 2017 04:18:00 GMT+0800 (SGT),,,0.236,0.01
Mon Nov 06 2017 04:19:00 GMT+0800 (SGT),2.964,,-0.435,0.035
Mon Nov 06 2017 04:20:00 GMT+0800 (SGT),3.7905,2.873,0.046,0.954
Mon Nov 06 2017 04:21:00 GMT+0800 (SGT),4.273,,-0.026,
Mon Nov 06 2017 04:22:00 GMT+0800 (SGT),,2.68,0.045,0.563
Mon Nov 06 2017 04:23:00 GMT+0800 (SGT),,2.76,-0.0075,1.572
Mon Nov 06 2017 04:24:00 GMT+0800 (SGT),,2.506,0.036,1.547
Mon Nov 06 2017 04:25:00 GMT+0800 (SGT),4.415,2.784,,1.4865
Mon Nov 06 2017 04:26:00 GMT+0800 (SGT),,,-0.022,1.094
Mon Nov 06 2017 04:27:00 GMT+0800 (SGT),,3.056,0.185,
Mon Nov 06 2017 04:28:00 GMT+0800 (SGT),4.607,2.311,-0.138,1.7115
Mon Nov 06 2017 04:29:00 GMT+0800 (SGT),4.072,3.097,0.088,1.063
Mon Nov 06 2017 04:30:00 GMT+0800 (SGT),,2.922,0.121,0.137
Mon Nov 06 2017 04:31:00 GMT+0800 (SGT),2.747,,-0.065,
Mon Nov 06 2017 04:32:00 GMT+0800 (SGT),3.339,2.783,,0.518
Mon Nov 06 2017 04:33:00 GMT+0800 (SGT),2.883,2.821,0.042,0.121
Mon Nov 06 2017 04:34:00 GMT+0800 (SGT),3.072,2.689,-0.073,0.274
Mon Nov 06 2017 04:35:00 GMT+0800 (SGT),,2.664,,
Mon Nov 06 2017 04:36:00 GMT+0800 (SGT),2.747,2.7625,0.014,
Mon Nov 06 2017 04:37:00 GMT+0800 (SGT),,2.779,-0.094,0.101
Mon Nov 06 2017 04:38:00 GMT+0800 (SGT),2.736,,0.02,0.67
Mon Nov 06 2017 04:39:00 GMT+0800 (SGT),,2.078,,1.124
Mon Nov 06 2017 04:40:00 GMT+0800 (SGT),2.151,,0.317,0.005
Mon Nov 06 2017 04:41:00 GMT+0800 (SGT),2.1455,2.7415,,0.005
Mon Nov 06 2017 04:42:00 GMT+0800 (SGT),,,,0.005
Mon Nov 06 2017 04:43:00 GMT+0800 (SGT),1.788,,0.956,0.005
Mon Nov 06 2017 04:44:00 GMT+0800 (SGT),1.854,,,0.02
Mon Nov 06 2017 04:45:00 GMT+0800 (SGT),,2.833,,0.594
Mon Nov 06 2017 04:46:00 GMT+0800 (SGT),3.74,2.537,-0.037,1.165
Mon Nov 06 2017 04:47:00 GMT+0800 (SGT),3.8,2.914,,
Mon Nov 06 2017 04:48:00 GMT+0800 (SGT),,,,0.941
Mon Nov 06 2017 04:49:00 GMT+0800 (SGT),,,,1.2345
Mon Nov 06 2017 04:51:00 GMT+0800 (SGT),4.451,3.042,0.26,
Mon Nov 06 2017 04:52:00 GMT+0800 (SGT),4.293,2.519,-0.048,1.725
Mon Nov 06 2017 04:53:00 GMT+0800 (SGT),7.674,,,
Mon Nov 06 2017 04:54:00 GMT+0800 (SGT),,,0.12,1.672
Mon Nov 06 2017 04:56:00 GMT+0800 (SGT),6.956,3.344,,
Mon Nov 06 2017 04:58:00 GMT+0800 (SGT),6.654,,0.041,
Mon Nov 06 2017 04:59:00 GMT+0800 (SGT),7.2,,,
Mon Nov 06 2017 05:00:00 GMT+0800 (SGT),6.731,3.404,-0.091,3.0635
Mon Nov 06 2017 05:01:00 GMT+0800 (SGT),4.9445,4.566,0.43,0.8085
Mon Nov 06 2017 05:02:00 GMT+0800 (SGT),4.543,3.44,0.3185,1.421
Mon Nov 06 2017 05:03:00 GMT+0800 (SGT),5.658,3.7825,-0.0495,1.825
Mon Nov 06 2017 05:04:00 GMT+0800 (SGT),6.455,3.432,0.056,3.079
Mon Nov 06 2017 05:05:00 GMT+0800 (SGT),4.008,4.3995,0.722,0.3295
Mon Nov 06 2017 05:06:00 GMT+0800 (SGT),2.215,3.396,1.187,0.005
Mon Nov 06 2017 05:07:00 GMT+0800 (SGT),4.208,3.106,-0.994,0.107
Mon Nov 06 2017 05:08:00 GMT+0800 (SGT),6.515,3.2995,0.067,3.2815
Mon Nov 06 2017 05:09:00 GMT+0800 (SGT),6.856,3.524,0.15,3.4815
Mon Nov 06 2017 05:10:00 GMT+0800 (SGT),6.8675,3.5245,-0.2805,3.061
Mon Nov 06 2017 05:11:00 GMT+0800 (SGT),6.1805,4.527,0.2005,2.593
Mon Nov 06 2017 05:12:00 GMT+0800 (SGT),4.5265,4.0705,0.1235,0.5795
Mon Nov 06 2017 05:13:00 GMT+0800 (SGT),2.096,4.021,0.179,-1.745
Mon Nov 06 2017 05:14:00 GMT+0800 (SGT),2.4195,3.305,-0.1155,-1.002
Mon Nov 06 2017 05:15:00 GMT+0800 (SGT),3.471,2.222,-0.183,1.0645
Mon Nov 06 2017 05:16:00 GMT+0800 (SGT),4.213,3.165,-0.223,0.8235
Mon Nov 06 2017 05:17:00 GMT+0800 (SGT),3.7055,3.36,-0.021,0.324
Mon Nov 06 2017 05:18:00 GMT+0800 (SGT),5.231,3.0485,-0.174,2.0075
Mon Nov 06 2017 05:19:00 GMT+0800 (SGT),5.2615,4.143,-0.023,1.913
Mon Nov 06 2017 05:20:00 GMT+0800 (SGT),5.526,3.693,0.183,2.015
Mon Nov 06 2017 05:21:00 GMT+0800 (SGT),5.713,3.3205,0.144,2.4215
Mon Nov 06 2017 05:22:00 GMT+0800 (SGT),4.387,3.6545,0.2845,1.291
Mon Nov 06 2017 05:23:00 GMT+0800 (SGT),5.5795,3.3595,0.0355,2.2545
Mon Nov 06 2017 05:24:00 GMT+0800 (SGT),5.045,3.226,0.026,1.844
Mon Nov 06 2017 05:25:00 GMT+0800 (SGT),5.1115,3.1755,0.044,1.9795
Mon Nov 06 2017 05:26:00 GMT+0800 (SGT),7.5445,3.279,-0.3515,3.9125
Mon Nov 06 2017 05:27:00 GMT+0800 (SGT),6.633,3.8265,0.1615,2.967
Mon Nov 06 2017 05:28:00 GMT+0800 (SGT),7.212,3.819,0.1715,4.073
Mon Nov 06 2017 05:29:00 GMT+0800 (SGT),7.6325,3.567,0.018,4.245
Mon Nov 06 2017 05:30:00 GMT+0800 (SGT),7.6565,3.4615,-0.0095,4.184
Mon Nov 06 2017 05:31:00 GMT+0800 (SGT),7.727,3.566,0.097,4.3975
Mon Nov 06 2017 05:32:00 GMT+0800 (SGT),7.789,3.459,-0.023,4.306
Mon Nov 06 2017 05:33:00 GMT+0800 (SGT),7.8105,3.473,-0.046,4.2905
Mon Nov 06 2017 05:34:00 GMT+0800 (SGT),7.893,3.355,0.07,4.585
Mon Nov 06 2017 05:35:00 GMT+0800 (SGT),7.9145,3.5755,0.0355,4.374
Mon Nov 06 2017 05:36:00 GMT+0800 (SGT),8.0085,3.1045,-0.0635,4.8395
Mon Nov 06 2017 05:37:00 GMT+0800 (SGT),8.083,2.8895,-0.0515,5.141
Mon Nov 06 2017 05:38:00 GMT+0800 (SGT),8.156,3.099,-0.022,5.034
Mon Nov 06 2017 05:39:00 GMT+0800 (SGT),7.3085,2.126,-0.1905,4.9905
Mon Nov 06 2017 05:40:00 GMT+0800 (SGT),8.3015,2.878,-0.307,5.132
Mon Nov 06 2017 05:41:00 GMT+0800 (SGT),8.342,3.076,-0.338,4.9265
Mon Nov 06 2017 05:42:00 GMT+0800 (SGT),8.4175,2.9585,-0.465,4.993
Mon Nov 06 2017 05:43:00 GMT+0800 (SGT),8.538,2.9345,-0.557,5.068
Mon Nov 06 2017 05:44:00 GMT+0800 (SGT),8.748,3.0135,-0.8475,4.8855
Mon Nov 06 2017 05:45:00 GMT+0800 (SGT),8.7175,2.9365,-0.917,4.963
Mon Nov 06 2017 05:46:00 GMT+0800 (SGT),8.729,2.837,-0.7415,5.1495
Mon Nov 06 2017 05:47:00 GMT+0800 (SGT),8.8155,2.868,-0.891,5.0555
Mon Nov 06 2017 05:48:00 GMT+0800 (SGT),8.9985,2.9475,-1.0435,5.0065
Mon Nov 06 2017 05:49:00 GMT+0800 (SGT),9.024,2.893,-1.0435,5.086
Mon Nov 06 2017 05:50:00 GMT+0800 (SGT),9.039,3.115,-1.0035,4.9195
Mon Nov 06 2017 05:51:00 GMT+0800 (SGT),9.1615,2.8435,-1.116,5.201
Mon Nov 06 2017 05:52:00 GMT+0800 (SGT),9.2285,3.4255,-0.847,4.955
Mon Nov 06 2017 05:53:00 GMT+0800 (SGT),9.357,3.518,-0.824,5.014
Mon Nov 06 2017 05:54:00 GMT+0800 (SGT),9.586,3.7245,-1.0095,4.8505
Mon Nov 06 2017 05:55:00 GMT+0800 (SGT),9.658,3.3455,-1.2735,5.0375
Mon Nov 06 2017 05:56:00 GMT+0800 (SGT),9.876,3.733,-1.1055,5.0365
Mon Nov 06 2017 05:57:00 GMT+0800 (SGT),10.1625,3.602,-1.427,5.076
Mon Nov 06 2017 05:58:00 GMT+0800 (SGT),10.4845,3.5585,-1.909,5.0155
Mon Nov 06 2017 05:59:00 GMT+0800 (SGT),10.666,,-2.105,
Mon Nov 06 2017 06:00:00 GMT+0800 (SGT),9.386,3.174,-1.732,4.479
Mon Nov 06 2017 06:01:00 GMT+0800 (SGT),10.282,3.675,-1.904,4.625
Mon Nov 06 2017 06:02:00 GMT+0800 (SGT),7.951,0.902,-2.031,5.017
Mon Nov 06 2017 06:03:00 GMT+0800 (SGT),10.173,2.5235,-2.4705,5.1775
Mon Nov 06 2017 06:04:00 GMT+0800 (SGT),8.267,-1.201,-1.14,3.182
Mon Nov 06 2017 06:05:00 GMT+0800 (SGT),3.8185,1.9705,0.024,1.821
Mon Nov 06 2017 06:06:00 GMT+0800 (SGT),7.0085,3.2235,-0.2785,3.506
Mon Nov 06 2017 06:07:00 GMT+0800 (SGT),7.7035,1.639,-2.8035,3.26
Mon Nov 06 2017 06:08:00 GMT+0800 (SGT),10.641,3.4275,-2.0895,5.123
Mon Nov 06 2017 06:09:00 GMT+0800 (SGT),10.4945,3.3415,-2.192,4.96
Mon Nov 06 2017 06:10:00 GMT+0800 (SGT),2.82,3.834,0.049,-0.964
Mon Nov 06 2017 06:11:00 GMT+0800 (SGT),10.8165,3.508,-2.2485,5.059
Mon Nov 06 2017 06:12:00 GMT+0800 (SGT),11.0225,3.288,-2.6485,5.115
Mon Nov 06 2017 06:13:00 GMT+0800 (SGT),11.196,3.521,-2.6265,5.023
Mon Nov 06 2017 06:14:00 GMT+0800 (SGT),10.9705,3.619,-2.334,5.0755
Mon Nov 06 2017 06:15:00 GMT+0800 (SGT),10.7105,3.321,-2.2045,5.06
Mon Nov 06 2017 06:16:00 GMT+0800 (SGT),10.052,2.6675,-2.23,5.1375
Mon Nov 06 2017 06:17:00 GMT+0800 (SGT),10.9335,3.879,-2.101,5.088
Mon Nov 06 2017 06:18:00 GMT+0800 (SGT),10.838,3.6575,-2.096,5.075
Mon Nov 06 2017 06:19:00 GMT+0800 (SGT),10.8855,3.4825,-2.26,5.1415
Mon Nov 06 2017 06:20:00 GMT+0800 (SGT),10.856,3.6565,-2.241,4.9575
Mon Nov 06 2017 06:21:00 GMT+0800 (SGT),11.034,4.188,-2.258,4.7975
Mon Nov 06 2017 06:22:00 GMT+0800 (SGT),8.277,0.292,-2.742,5.242
Mon Nov 06 2017 06:23:00 GMT+0800 (SGT),11.8125,4.3745,-2.3865,5.0505
Mon Nov 06 2017 06:24:00 GMT+0800 (SGT),12.516,3.7305,-3.865,4.9195
Mon Nov 06 2017 06:25:00 GMT+0800 (SGT),8.321,2.059,-1.8365,4.4245
Mon Nov 06 2017 06:26:00 GMT+0800 (SGT),12.052,3.7395,-3.257,5.1135
Mon Nov 06 2017 06:27:00 GMT+0800 (SGT),12.058,3.9955,-2.924,5.0915
Mon Nov 06 2017 06:28:00 GMT+0800 (SGT),11.7625,4.155,-2.377,5.283
Mon Nov 06 2017 06:29:00 GMT+0800 (SGT),11.4645,4.1635,-2.132,5.1675
Mon Nov 06 2017 06:30:00 GMT+0800 (SGT),11.378,4.159,-2.156,5.0855
Mon Nov 06 2017 06:31:00 GMT+0800 (SGT),11.5495,4.22,-2.284,5.044
Mon Nov 06 2017 06:32:00 GMT+0800 (SGT),8.1445,7.526,1.3875,-0.487
Mon Nov 06 2017 06:33:00 GMT+0800 (SGT),8.7995,1.5875,-2.1815,5.0295
Mon Nov 06 2017 06:34:00 GMT+0800 (SGT),12.179,4.4045,-2.737,5.0365
Mon Nov 06 2017 06:35:00 GMT+0800 (SGT),10.555,2.736,-2.9395,4.798
Mon Nov 06 2017 06:36:00 GMT+0800 (SGT),7.463,3.629,-1.932,1.9015
Mon Nov 06 2017 06:37:00 GMT+0800 (SGT),3.123,-3.044,-1.278,4.889
Mon Nov 06 2017 06:38:00 GMT+0800 (SGT),12.7475,8.4045,-1.061,2.803
Mon Nov 06 2017 06:39:00 GMT+0800 (SGT),4.9735,7.182,-1.08,0.0375
Mon Nov 06 2017 06:40:00 GMT+0800 (SGT),10.751,4.329,-1.344,5.077
Mon Nov 06 2017 06:41:00 GMT+0800 (SGT),12.2015,4.253,,4.902
Mon Nov 06 2017 06:42:00 GMT+0800 (SGT),12.726,5.4235,-2.1135,5.188
Mon Nov 06 2017 06:43:00 GMT+0800 (SGT),12.798,10.5065,0.663,2.9535
Mon Nov 06 2017 06:44:00 GMT+0800 (SGT),11.05,4.474,-1.27,3.868
Mon Nov 06 2017 06:45:00 GMT+0800 (SGT),8.642,2.4175,-2.118,4.1055
Mon Nov 06 2017 06:46:00 GMT+0800 (SGT),12.514,3.913,-3.6105,4.9895
Mon Nov 06 2017 06:47:00 GMT+0800 (SGT),12.2265,3.6115,-3.669,4.945
Mon Nov 06 2017 06:48:00 GMT+0800 (SGT),2.505,-2.4575,-4.32,4.851
Mon Nov 06 2017 06:49:00 GMT+0800 (SGT),8.6785,1.8005,-2.168,3.8565
Mon Nov 06 2017 06:50:00 GMT+0800 (SGT),12.619,3.861,,4.985
Mon Nov 06 2017 06:51:00 GMT+0800 (SGT),12.565,3.936,-3.634,5.024
Mon Nov 06 2017 06:52:00 GMT+0800 (SGT),12.8925,3.9235,-3.934,5.043
Mon Nov 06 2017 06:53:00 GMT+0800 (SGT),13.277,4.009,-4.2695,4.997
Mon Nov 06 2017 06:54:00 GMT+0800 (SGT),13.195,3.966,-4.0815,5.1465
Mon Nov 06 2017 06:55:00 GMT+0800 (SGT),13.056,4.07,-3.949,5.0175
Mon Nov 06 2017 06:56:00 GMT+0800 (SGT),12.958,4.1245,-3.853,4.9485
Mon Nov 06 2017 06:57:00 GMT+0800 (SGT),12.894,3.928,-3.9355,5.01
Mon Nov 06 2017 06:58:00 GMT+0800 (SGT),12.829,3.791,-4.122,4.9145
Mon Nov 06 2017 06:59:00 GMT+0800 (SGT),12.852,3.49,-4.332,5.029
Mon Nov 06 2017 07:00:00 GMT+0800 (SGT),12.41,3.4575,-4.3425,4.609
Mon Nov 06 2017 07:01:00 GMT+0800 (SGT),13.0595,3.5445,-4.5245,4.9895
Mon Nov 06 2017 07:02:00 GMT+0800 (SGT),13.1645,3.6655,-4.47,5.0275
Mon Nov 06 2017 07:03:00 GMT+0800 (SGT),8.667,3.64,-2.1705,4.905
Mon Nov 06 2017 07:04:00 GMT+0800 (SGT),9.6045,1.7395,-3.028,4.834
Mon Nov 06 2017 07:05:00 GMT+0800 (SGT),13.548,3.566,-4.8865,5.0945
Mon Nov 06 2017 07:06:00 GMT+0800 (SGT),13.1995,3.608,-4.584,5.038
Mon Nov 06 2017 07:07:00 GMT+0800 (SGT),13.173,3.6745,-4.516,4.9805
Mon Nov 06 2017 07:08:00 GMT+0800 (SGT),13.1235,3.6025,-4.526,5.091
Mon Nov 06 2017 07:09:00 GMT+0800 (SGT),13.0975,3.767,-4.424,4.8185
Mon Nov 06 2017 07:10:00 GMT+0800 (SGT),13.138,3.689,-4.577,4.871
Mon Nov 06 2017 07:11:00 GMT+0800 (SGT),13.2355,3.6025,-4.6255,5.0065
Mon Nov 06 2017 07:12:00 GMT+0800 (SGT),13.276,4.95,-4.035,4.9385
Mon Nov 06 2017 07:13:00 GMT+0800 (SGT),13.3635,3.702,-4.622,4.955
Mon Nov 06 2017 07:14:00 GMT+0800 (SGT),13.38,3.877,-4.4965,5.0055
Mon Nov 06 2017 07:15:00 GMT+0800 (SGT),13.415,3.56,-4.625,5.192
Mon Nov 06 2017 07:16:00 GMT+0800 (SGT),13.4955,3.762,-4.7055,5.0265
Mon Nov 06 2017 07:17:00 GMT+0800 (SGT),13.579,3.6695,-4.7775,5.131
Mon Nov 06 2017 07:18:00 GMT+0800 (SGT),13.633,3.645,-5.045,
Mon Nov 06 2017 07:19:00 GMT+0800 (SGT),13.7635,3.7055,-5.0895,4.967
Mon Nov 06 2017 07:20:00 GMT+0800 (SGT),13.991,3.9135,-5.131,
Mon Nov 06 2017 07:21:00 GMT+0800 (SGT),14.212,3.771,-5.512,5
Mon Nov 06 2017 07:22:00 GMT+0800 (SGT),14.631,3.773,-5.602,5.109
Mon Nov 06 2017 07:23:00 GMT+0800 (SGT),14.768,,,
Mon Nov 06 2017 07:24:00 GMT+0800 (SGT),15.112,3.8,-6.137,4.9715
Mon Nov 06 2017 07:25:00 GMT+0800 (SGT),15.5375,3.58,-6.789,
Mon Nov 06 2017 07:26:00 GMT+0800 (SGT),17.326,3.732,-8.489,4.7965
Mon Nov 06 2017 07:27:00 GMT+0800 (SGT),17.699,3.804,-9.2215,4.756
Mon Nov 06 2017 07:28:00 GMT+0800 (SGT),11.335,2.364,-3.9115,5.195
Mon Nov 06 2017 07:29:00 GMT+0800 (SGT),,4.9565,-3.964,5.0195
Mon Nov 06 2017 07:30:00 GMT+0800 (SGT),9.915,4.184,-4.9555,5.0725
Mon Nov 06 2017 07:31:00 GMT+0800 (SGT),16.418,2.976,,4.756
Mon Nov 06 2017 07:32:00 GMT+0800 (SGT),18.817,10.249,-2.6245,4.751
Mon Nov 06 2017 07:33:00 GMT+0800 (SGT),18.817,12.8915,-1.648,4.903
Mon Nov 06 2017 07:34:00 GMT+0800 (SGT),18.817,13.7385,-0.503,4.128
Mon Nov 06 2017 07:35:00 GMT+0800 (SGT),12.289,2.789,-8.634,4.951
Mon Nov 06 2017 07:36:00 GMT+0800 (SGT),15.464,5.7005,-4.7195,5.092
Mon Nov 06 2017 07:37:00 GMT+0800 (SGT),14.2665,3.189,,5.051
Mon Nov 06 2017 07:38:00 GMT+0800 (SGT),16.08,8.1655,1.595,3.55
Mon Nov 06 2017 07:39:00 GMT+0800 (SGT),4.981,,,1.627
Mon Nov 06 2017 07:40:00 GMT+0800 (SGT),,7.616,-0.133,1.015
Mon Nov 06 2017 07:41:00 GMT+0800 (SGT),9.8585,0.964,,5.081
Mon Nov 06 2017 07:42:00 GMT+0800 (SGT),15.198,4.0715,-6.032,4.934
Mon Nov 06 2017 07:43:00 GMT+0800 (SGT),14.643,4.024,-5.6845,4.9335
Mon Nov 06 2017 07:44:00 GMT+0800 (SGT),14.464,3.814,-5.527,
Mon Nov 06 2017 07:45:00 GMT+0800 (SGT),14.474,3.7105,-5.687,5.098
Mon Nov 06 2017 07:46:00 GMT+0800 (SGT),14.57,3.837,-5.7625,4.819
Mon Nov 06 2017 07:47:00 GMT+0800 (SGT),14.674,,-5.706,
Mon Nov 06 2017 07:48:00 GMT+0800 (SGT),14.691,4.068,-5.828,
Mon Nov 06 2017 07:49:00 GMT+0800 (SGT),14.73,4.094,,
Mon Nov 06 2017 07:50:00 GMT+0800 (SGT),14.851,3.979,-6.285,4.7765
Mon Nov 06 2017 07:51:00 GMT+0800 (SGT),15.018,3.785,-6.8615,4.497
Mon Nov 06 2017 07:52:00 GMT+0800 (SGT),15.4735,3.602,-7.475,4.014
Mon Nov 06 2017 07:53:00 GMT+0800 (SGT),15.619,,-7.823,3.89
Mon Nov 06 2017 07:54:00 GMT+0800 (SGT),15.727,4.293,-6.759,
Mon Nov 06 2017 07:55:00 GMT+0800 (SGT),15.198,7.3095,-3.046,3.1695
Mon Nov 06 2017 07:56:00 GMT+0800 (SGT),15.626,3.477,-9.1995,2.77
Mon Nov 06 2017 07:57:00 GMT+0800 (SGT),15.406,6.973,,2.759
Mon Nov 06 2017 07:58:00 GMT+0800 (SGT),15.833,,-10.602,1.697
Mon Nov 06 2017 07:59:00 GMT+0800 (SGT),15.211,3.224,-7.621,1.991
Mon Nov 06 2017 08:00:00 GMT+0800 (SGT),16.1095,5.4755,-10.687,1.931
Mon Nov 06 2017 08:01:00 GMT+0800 (SGT),15.2,3.227,-9.3825,2.235
Mon Nov 06 2017 08:02:00 GMT+0800 (SGT),15.108,3.481,-9.693,
Mon Nov 06 2017 08:03:00 GMT+0800 (SGT),14.932,3.613,-9.7375,
Mon Nov 06 2017 08:04:00 GMT+0800 (SGT),,3.362,-9.826,1.7445
Mon Nov 06 2017 08:05:00 GMT+0800 (SGT),15.079,3.9085,-9.636,1.539
Mon Nov 06 2017 08:06:00 GMT+0800 (SGT),,3.5195,-10.056,1.4705
Mon Nov 06 2017 08:07:00 GMT+0800 (SGT),14.983,3.525,-10.06,
Mon Nov 06 2017 08:08:00 GMT+0800 (SGT),14.964,3.6525,-9.829,1.3455
Mon Nov 06 2017 08:09:00 GMT+0800 (SGT),14.969,,-10.315,1.1625
Mon Nov 06 2017 08:10:00 GMT+0800 (SGT),15.028,3.552,-10.382,1.014
Mon Nov 06 2017 08:11:00 GMT+0800 (SGT),15.0565,3.593,,
Mon Nov 06 2017 08:12:00 GMT+0800 (SGT),15.078,3.807,-10.495,0.9435
Mon Nov 06 2017 08:13:00 GMT+0800 (SGT),15.2245,3.635,-10.737,0.963
Mon Nov 06 2017 08:14:00 GMT+0800 (SGT),15.296,3.7935,-10.7015,0.8
Mon Nov 06 2017 08:15:00 GMT+0800 (SGT),15.293,,-10.85,0.781
Mon Nov 06 2017 08:16:00 GMT+0800 (SGT),,3.7675,,0.741
Mon Nov 06 2017 08:17:00 GMT+0800 (SGT),15.386,3.691,-10.79,0.638
Mon Nov 06 2017 08:18:00 GMT+0800 (SGT),15.413,3.795,-10.916,
Mon Nov 06 2017 08:19:00 GMT+0800 (SGT),15.447,3.769,,
Mon Nov 06 2017 08:20:00 GMT+0800 (SGT),15.5085,,-11.158,0.61
Mon Nov 06 2017 08:21:00 GMT+0800 (SGT),15.562,3.664,-11.315,0.5725
Mon Nov 06 2017 08:22:00 GMT+0800 (SGT),15.642,,-11.267,
Mon Nov 06 2017 08:23:00 GMT+0800 (SGT),15.702,4.588,,0.5615
Mon Nov 06 2017 08:24:00 GMT+0800 (SGT),15.842,4.422,-10.8,0.5355
Mon Nov 06 2017 08:25:00 GMT+0800 (SGT),16.372,4.55,-11.274,
Mon Nov 06 2017 08:26:00 GMT+0800 (SGT),16.794,4.559,-11.6925,0.4305
Mon Nov 06 2017 08:27:00 GMT+0800 (SGT),17.486,4.271,-12.68,0.4215
Mon Nov 06 2017 08:28:00 GMT+0800 (SGT),17.417,3.799,-12.8535,0.427
Mon Nov 06 2017 08:29:00 GMT+0800 (SGT),14.891,4.0235,,0.367
Mon Nov 06 2017 08:30:00 GMT+0800 (SGT),,3.931,,0.353
Mon Nov 06 2017 08:31:00 GMT+0800 (SGT),14.378,3.142,-12.252,
Mon Nov 06 2017 08:32:00 GMT+0800 (SGT),16.173,4.701,-12.251,0.439
Mon Nov 06 2017 08:33:00 GMT+0800 (SGT),14.416,3.083,-8.558,0.3705
Mon Nov 06 2017 08:34:00 GMT+0800 (SGT),16.346,3.725,-12.256,0.364
Mon Nov 06 2017 08:35:00 GMT+0800 (SGT),16.677,3.6995,-12.765,0.245
Mon Nov 06 2017 08:36:00 GMT+0800 (SGT),,,-13.117,0.245
Mon Nov 06 2017 08:37:00 GMT+0800 (SGT),17.424,,-13.955,0.262
Mon Nov 06 2017 08:38:00 GMT+0800 (SGT),18.9055,3.416,-14.886,0.262
Mon Nov 06 2017 08:39:00 GMT+0800 (SGT),19.997,3.523,-16.177,0.2875
Mon Nov 06 2017 08:40:00 GMT+0800 (SGT),17.0885,4.752,-16.134,0.276
Mon Nov 06 2017 08:41:00 GMT+0800 (SGT),9.752,3.821,-5.3835,0.1765
Mon Nov 06 2017 08:42:00 GMT+0800 (SGT),8.753,3.877,,
Mon Nov 06 2017 08:43:00 GMT+0800 (SGT),11.247,4.059,,0.199
Mon Nov 06 2017 08:44:00 GMT+0800 (SGT),7.667,4.09,,
Mon Nov 06 2017 08:45:00 GMT+0800 (SGT),6.899,3.8905,-2.6915,0.33
Mon Nov 06 2017 08:46:00 GMT+0800 (SGT),6.397,3.878,-1.925,0.279
Mon Nov 06 2017 08:47:00 GMT+0800 (SGT),5.367,3.919,-1.507,0.239
Mon Nov 06 2017 08:48:00 GMT+0800 (SGT),4.9715,3.955,-0.639,0.239
Mon Nov 06 2017 08:49:00 GMT+0800 (SGT),4.515,3.843,-0.374,0.296
Mon Nov 06 2017 08:50:00 GMT+0800 (SGT),,4.142,-0.095,
Mon Nov 06 2017 08:51:00 GMT+0800 (SGT),4.25,3.8885,-0.209,0.119
Mon Nov 06 2017 08:52:00 GMT+0800 (SGT),4.538,,-0.5075,0.25
Mon Nov 06 2017 08:53:00 GMT+0800 (SGT),4.838,3.947,-0.979,0.0455
Mon Nov 06 2017 08:54:00 GMT+0800 (SGT),,3.753,-1.573,0.1995
Mon Nov 06 2017 08:55:00 GMT+0800 (SGT),,3.72,-2.1675,0.222
Mon Nov 06 2017 08:56:00 GMT+0800 (SGT),6.1755,3.7505,-2.162,0.273
Mon Nov 06 2017 08:57:00 GMT+0800 (SGT),5.99,3.807,-2.009,0.256
Mon Nov 06 2017 08:58:00 GMT+0800 (SGT),6.26,3.948,-2.2035,0.017
Mon Nov 06 2017 08:59:00 GMT+0800 (SGT),,4.635,-2.0185,0.1645
Mon Nov 06 2017 09:00:00 GMT+0800 (SGT),5.065,4.118,-0.7295,0.219
Mon Nov 06 2017 09:01:00 GMT+0800 (SGT),12.3355,1.264,-10.127,
Mon Nov 06 2017 09:02:00 GMT+0800 (SGT),19.3845,3.78,-15.2555,0.114
Mon Nov 06 2017 09:03:00 GMT+0800 (SGT),18.8485,4.362,-14.431,0.253
Mon Nov 06 2017 09:04:00 GMT+0800 (SGT),18.3395,4.126,-14.199,-0.102
Mon Nov 06 2017 09:05:00 GMT+0800 (SGT),17.9255,3.8405,-13.99,
Mon Nov 06 2017 09:06:00 GMT+0800 (SGT),,3.7685,-13.6655,0.233
Mon Nov 06 2017 09:07:00 GMT+0800 (SGT),17.5575,3.7465,-13.826,
Mon Nov 06 2017 09:08:00 GMT+0800 (SGT),17.705,,-13.913,0.262
Mon Nov 06 2017 09:09:00 GMT+0800 (SGT),17.868,6.034,-14.08,0.1735
Mon Nov 06 2017 09:10:00 GMT+0800 (SGT),8.321,,,0.1705
Mon Nov 06 2017 09:11:00 GMT+0800 (SGT),16.712,2.79,-10.65,0.228
Mon Nov 06 2017 09:12:00 GMT+0800 (SGT),,3.372,,
Mon Nov 06 2017 09:13:00 GMT+0800 (SGT),,3.758,,0.011
Mon Nov 06 2017 09:14:00 GMT+0800 (SGT),16.792,,,
Mon Nov 06 2017 09:15:00 GMT+0800 (SGT),16.618,3.686,-12.687,
Mon Nov 06 2017 09:16:00 GMT+0800 (SGT),16.537,,-12.9515,0.068
Mon Nov 06 2017 09:19:00 GMT+0800 (SGT),,3.413,,0.108
Mon Nov 06 2017 09:20:00 GMT+0800 (SGT),,,,0.296
Mon Nov 06 2017 09:21:00 GMT+0800 (SGT),16.352,,,
Mon Nov 06 2017 09:22:00 GMT+0800 (SGT),16.347,3.562,,
Mon Nov 06 2017 09:23:00 GMT+0800 (SGT),,3.494,-12.673,
Mon Nov 06 2017 09:24:00 GMT+0800 (SGT),16.235,3.294,,0.21
Mon Nov 06 2017 09:25:00 GMT+0800 (SGT),16.437,,,
Mon Nov 06 2017 09:26:00 GMT+0800 (SGT),16.507,,,0.302
Mon Nov 06 2017 09:27:00 GMT+0800 (SGT),16.466,,,0.205
Mon Nov 06 2017 09:28:00 GMT+0800 (SGT),16.55,3.192,,
Mon Nov 06 2017 09:29:00 GMT+0800 (SGT),16.529,3.062,,0.2615
Mon Nov 06 2017 09:30:00 GMT+0800 (SGT),,3.461,-13.126,
Mon Nov 06 2017 09:31:00 GMT+0800 (SGT),,3.1765,,
Mon Nov 06 2017 09:32:00 GMT+0800 (SGT),,3.313,,0.296
Mon Nov 06 2017 09:33:00 GMT+0800 (SGT),,,-12.909,0.074
Mon Nov 06 2017 09:34:00 GMT+0800 (SGT),16.319,,,0.2135
Mon Nov 06 2017 09:36:00 GMT+0800 (SGT),16.464,,-13.04,
Mon Nov 06 2017 09:37:00 GMT+0800 (SGT),,,-12.982,
Mon Nov 06 2017 09:38:00 GMT+0800 (SGT),16.564,,,
Mon Nov 06 2017 09:39:00 GMT+0800 (SGT),,,-13.01,
Mon Nov 06 2017 09:40:00 GMT+0800 (SGT),16.476,3.325,-12.863,
Mon Nov 06 2017 09:41:00 GMT+0800 (SGT),,3.4485,-12.786,0.199
Mon Nov 06 2017 09:42:00 GMT+0800 (SGT),16.357,3.045,-12.713,
Mon Nov 06 2017 09:43:00 GMT+0800 (SGT),16.48,3.05,-13.128,0.188
Mon Nov 06 2017 09:44:00 GMT+0800 (SGT),,3.567,-11.517,
Mon Nov 06 2017 09:45:00 GMT+0800 (SGT),,,,0.079
Mon Nov 06 2017 09:46:00 GMT+0800 (SGT),,,-12.823,
Mon Nov 06 2017 09:47:00 GMT+0800 (SGT),,,-12.741,
Mon Nov 06 2017 09:49:00 GMT+0800 (SGT),,,,0.199
Mon Nov 06 2017 09:50:00 GMT+0800 (SGT),16.479,3.478,,
Mon Nov 06 2017 09:51:00 GMT+0800 (SGT),,4.012,,0.1135
Mon Nov 06 2017 09:52:00 GMT+0800 (SGT),16.436,,,
Mon Nov 06 2017 09:53:00 GMT+0800 (SGT),16.417,4.003,,0.125
Mon Nov 06 2017 09:54:00 GMT+0800 (SGT),,,,0.136
Mon Nov 06 2017 09:55:00 GMT+0800 (SGT),,3.838,,
Mon Nov 06 2017 09:56:00 GMT+0800 (SGT),16.563,3.7945,,0.2475
Mon Nov 06 2017 09:57:00 GMT+0800 (SGT),,3.7895,,
Mon Nov 06 2017 09:58:00 GMT+0800 (SGT),,,,0.319
Mon Nov 06 2017 09:59:00 GMT+0800 (SGT),16.584,3.746,,0.285
Mon Nov 06 2017 10:00:00 GMT+0800 (SGT),16.4995,,-12.5405,
Mon Nov 06 2017 10:01:00 GMT+0800 (SGT),,3.971,,0.039
Mon Nov 06 2017 10:02:00 GMT+0800 (SGT),16.565,3.427,,
Mon Nov 06 2017 10:03:00 GMT+0800 (SGT),,,,0.216
Mon Nov 06 2017 10:04:00 GMT+0800 (SGT),,3.8745,-12.567,
Mon Nov 06 2017 10:05:00 GMT+0800 (SGT),,,-12.657,0.228
Mon Nov 06 2017 10:06:00 GMT+0800 (SGT),,,-12.835,
Mon Nov 06 2017 10:07:00 GMT+0800 (SGT),16.644,3.399,,0.205
Mon Nov 06 2017 10:08:00 GMT+0800 (SGT),16.668,,,
Mon Nov 06 2017 10:09:00 GMT+0800 (SGT),16.804,3.356,,0.33
Mon Nov 06 2017 10:10:00 GMT+0800 (SGT),,3.698,,0.074
Mon Nov 06 2017 10:11:00 GMT+0800 (SGT),16.917,,-13.076,0.153
Mon Nov 06 2017 10:12:00 GMT+0800 (SGT),,,,0.119
Mon Nov 06 2017 10:14:00 GMT+0800 (SGT),,3.191,-14.334,0.285
Mon Nov 06 2017 10:16:00 GMT+0800 (SGT),15.442,-0.437,-15.469,0.41
Mon Nov 06 2017 10:17:00 GMT+0800 (SGT),7.119,-6.284,,
Mon Nov 06 2017 10:18:00 GMT+0800 (SGT),5.625,2.966,-2.522,0.068
Mon Nov 06 2017 10:19:00 GMT+0800 (SGT),,3.7065,-15.386,
Mon Nov 06 2017 10:20:00 GMT+0800 (SGT),,,,0.216
Mon Nov 06 2017 10:21:00 GMT+0800 (SGT),,,-4.141,
Mon Nov 06 2017 10:22:00 GMT+0800 (SGT),6.587,,-15,0.37
Mon Nov 06 2017 10:23:00 GMT+0800 (SGT),7.3,,,0.199
Mon Nov 06 2017 10:24:00 GMT+0800 (SGT),,,-2.307,0.336
Mon Nov 06 2017 10:25:00 GMT+0800 (SGT),4.73,,-0.435,0.017
Mon Nov 06 2017 10:26:00 GMT+0800 (SGT),,,,0.159
Mon Nov 06 2017 10:27:00 GMT+0800 (SGT),4.607,3.992,-0.296,-0.074
Mon Nov 06 2017 10:28:00 GMT+0800 (SGT),,,,0.307
Mon Nov 06 2017 10:29:00 GMT+0800 (SGT),4.479,,-0.499,0.199
Mon Nov 06 2017 10:30:00 GMT+0800 (SGT),,3.747,,
Mon Nov 06 2017 10:32:00 GMT+0800 (SGT),5.297,,-0.767,
Mon Nov 06 2017 10:33:00 GMT+0800 (SGT),4.2,3.76,-0.241,
Mon Nov 06 2017 10:34:00 GMT+0800 (SGT),,,,-0.296
Mon Nov 06 2017 10:35:00 GMT+0800 (SGT),,,,-0.5
Mon Nov 06 2017 10:36:00 GMT+0800 (SGT),2.366,,,
Mon Nov 06 2017 10:37:00 GMT+0800 (SGT),,,-0.154,-1.894
Mon Nov 06 2017 10:38:00 GMT+0800 (SGT),2.24,,,
Mon Nov 06 2017 10:39:00 GMT+0800 (SGT),3.0835,3.506,-0.15,-0.749
Mon Nov 06 2017 10:40:00 GMT+0800 (SGT),,,-3.292,0.216
Mon Nov 06 2017 10:42:00 GMT+0800 (SGT),,,,0.29
Mon Nov 06 2017 10:43:00 GMT+0800 (SGT),,3.931,,0.29
Mon Nov 06 2017 10:44:00 GMT+0800 (SGT),3.732,3.868,0.012,
Mon Nov 06 2017 10:45:00 GMT+0800 (SGT),3.362,3.767,,
Mon Nov 06 2017 10:47:00 GMT+0800 (SGT),,3.686,-0.0225,-0.386
Mon Nov 06 2017 10:48:00 GMT+0800 (SGT),,,,0.182
Mon Nov 06 2017 10:49:00 GMT+0800 (SGT),4.065,,,
Mon Nov 06 2017 10:50:00 GMT+0800 (SGT),,3.981,-0.003,-0.164
Mon Nov 06 2017 10:51:00 GMT+0800 (SGT),,4.325,,
Mon Nov 06 2017 10:52:00 GMT+0800 (SGT),2.638,4.155,-0.089,-1.423
Mon Nov 06 2017 10:53:00 GMT+0800 (SGT),,4.198,,
Mon Nov 06 2017 10:54:00 GMT+0800 (SGT),,4.367,,-3.128
Mon Nov 06 2017 10:55:00 GMT+0800 (SGT),1.1275,,0.362,
Mon Nov 06 2017 10:56:00 GMT+0800 (SGT),0.912,,,
Mon Nov 06 2017 10:57:00 GMT+0800 (SGT),0.744,4.365,,
Mon Nov 06 2017 10:58:00 GMT+0800 (SGT),0.716,,,
Mon Nov 06 2017 10:59:00 GMT+0800 (SGT),,4.189,,
Mon Nov 06 2017 11:00:00 GMT+0800 (SGT),0.351,,,
Mon Nov 06 2017 11:01:00 GMT+0800 (SGT),0.258,,0.097,-3.592
Mon Nov 06 2017 11:02:00 GMT+0800 (SGT),0.226,3.977,-0.139,-4.026
Mon Nov 06 2017 11:03:00 GMT+0800 (SGT),0.195,4.146,0.104,
Mon Nov 06 2017 11:04:00 GMT+0800 (SGT),0.135,4.619,0.262,-5.905
Mon Nov 06 2017 11:05:00 GMT+0800 (SGT),0.12,4.279,-0.335,-4.796
Mon Nov 06 2017 11:06:00 GMT+0800 (SGT),0.1035,3.301,0.577,-2.617
Mon Nov 06 2017 11:07:00 GMT+0800 (SGT),0.078,4.441,0.046,-3.931
Mon Nov 06 2017 11:08:00 GMT+0800 (SGT),,4.1315,0.033,
Mon Nov 06 2017 11:09:00 GMT+0800 (SGT),0.049,3.034,0.024,-3.447
Mon Nov 06 2017 11:10:00 GMT+0800 (SGT),,4.712,,-3.521
Mon Nov 06 2017 11:11:00 GMT+0800 (SGT),,3.954,-0.035,-3.931
Mon Nov 06 2017 11:12:00 GMT+0800 (SGT),,2.182,,-3.1935
Mon Nov 06 2017 11:13:00 GMT+0800 (SGT),0.115,3.166,0.126,
Mon Nov 06 2017 11:14:00 GMT+0800 (SGT),0.118,,-0.088,-4.264
Mon Nov 06 2017 11:15:00 GMT+0800 (SGT),,,-0.3345,-4.367
Mon Nov 06 2017 11:16:00 GMT+0800 (SGT),,2.746,-0.127,-3.5055
Mon Nov 06 2017 11:17:00 GMT+0800 (SGT),0.195,,-0.311,-4.354
Mon Nov 06 2017 11:18:00 GMT+0800 (SGT),0.198,4.67,0.184,-4.058
Mon Nov 06 2017 11:19:00 GMT+0800 (SGT),0.211,3.951,0.0665,-3.772
Mon Nov 06 2017 11:20:00 GMT+0800 (SGT),,3.846,0.0255,-4.455
Mon Nov 06 2017 11:21:00 GMT+0800 (SGT),0.226,3.55,-0.127,-3.456
Mon Nov 06 2017 11:22:00 GMT+0800 (SGT),0.215,3.688,-0.29,-4.097
Mon Nov 06 2017 11:23:00 GMT+0800 (SGT),0.216,3.356,-0.19,-3.525
Mon Nov 06 2017 11:24:00 GMT+0800 (SGT),0.257,3.6055,-0.089,
Mon Nov 06 2017 11:25:00 GMT+0800 (SGT),,,,-2.682
Mon Nov 06 2017 11:26:00 GMT+0800 (SGT),0.428,3.5405,-0.0505,-3.09
Mon Nov 06 2017 11:27:00 GMT+0800 (SGT),0.5,3.545,0.316,-2.996
Mon Nov 06 2017 11:28:00 GMT+0800 (SGT),,3.015,-0.36,
Mon Nov 06 2017 11:29:00 GMT+0800 (SGT),,3.913,0.127,-3.058
Mon Nov 06 2017 11:30:00 GMT+0800 (SGT),0.863,,0.1,-3.1265
Mon Nov 06 2017 11:31:00 GMT+0800 (SGT),1.027,,0.666,
Mon Nov 06 2017 11:32:00 GMT+0800 (SGT),,3.182,0.154,-2.726
Mon Nov 06 2017 11:33:00 GMT+0800 (SGT),1.215,4.508,0.306,
Mon Nov 06 2017 11:34:00 GMT+0800 (SGT),,,-0.252,-2.261
Mon Nov 06 2017 11:35:00 GMT+0800 (SGT),1.492,,-0.0135,-1.777
Mon Nov 06 2017 11:36:00 GMT+0800 (SGT),1.649,3.442,-0.0165,
Mon Nov 06 2017 11:37:00 GMT+0800 (SGT),1.689,3.547,,-1.557
Mon Nov 06 2017 11:38:00 GMT+0800 (SGT),1.601,3.6785,,-2.028
Mon Nov 06 2017 11:39:00 GMT+0800 (SGT),1.485,,,-2.026
Mon Nov 06 2017 11:40:00 GMT+0800 (SGT),1.432,,0.088,-2.09
Mon Nov 06 2017 11:41:00 GMT+0800 (SGT),,3.697,0.006,
Mon Nov 06 2017 11:42:00 GMT+0800 (SGT),1.2235,,0.029,-2.328
Mon Nov 06 2017 11:43:00 GMT+0800 (SGT),,,,-2.957
Mon Nov 06 2017 11:44:00 GMT+0800 (SGT),0.834,,-0.05,-3.047
Mon Nov 06 2017 11:45:00 GMT+0800 (SGT),0.628,,0.17,-3.307
Mon Nov 06 2017 11:46:00 GMT+0800 (SGT),,3.823,-0.262,-3.28
Mon Nov 06 2017 11:47:00 GMT+0800 (SGT),0.66,4.404,-0.054,-3.23
Mon Nov 06 2017 11:48:00 GMT+0800 (SGT),0.76,3.9375,-0.038,
Mon Nov 06 2017 11:49:00 GMT+0800 (SGT),,4.158,0.096,-3.288
Mon Nov 06 2017 11:50:00 GMT+0800 (SGT),0.8635,4.227,-0.033,-3.456
Mon Nov 06 2017 11:51:00 GMT+0800 (SGT),0.8385,4.314,-0.333,-3.708
Mon Nov 06 2017 11:52:00 GMT+0800 (SGT),,,0.0805,-4.462
Mon Nov 06 2017 11:53:00 GMT+0800 (SGT),0.733,4.228,,-3.477
Mon Nov 06 2017 11:54:00 GMT+0800 (SGT),0.7205,,0.001,-3.2415
Mon Nov 06 2017 11:55:00 GMT+0800 (SGT),,4.542,0.0845,-3.719
Mon Nov 06 2017 11:56:00 GMT+0800 (SGT),0.57,4.374,0.118,-3.7455
Mon Nov 06 2017 11:57:00 GMT+0800 (SGT),0.494,4.75,0.139,-4.4015
Mon Nov 06 2017 11:58:00 GMT+0800 (SGT),0.423,4.234,0.001,-3.77
Mon Nov 06 2017 11:59:00 GMT+0800 (SGT),0.431,3.83,0.175,-3.296
Mon Nov 06 2017 12:00:00 GMT+0800 (SGT),0.429,4.818,-0.091,-3.91
Mon Nov 06 2017 12:01:00 GMT+0800 (SGT),0.4,4.097,,
Mon Nov 06 2017 12:02:00 GMT+0800 (SGT),0.3705,3.536,-0.183,
Mon Nov 06 2017 12:03:00 GMT+0800 (SGT),0.321,,-0.014,
Mon Nov 06 2017 12:04:00 GMT+0800 (SGT),0.2335,,-0.0895,-3.561
Mon Nov 06 2017 12:05:00 GMT+0800 (SGT),0.15,4.0585,,
Mon Nov 06 2017 12:06:00 GMT+0800 (SGT),0.156,4.184,0.0585,-4.207
Mon Nov 06 2017 12:07:00 GMT+0800 (SGT),,4.535,0.191,
Mon Nov 06 2017 12:08:00 GMT+0800 (SGT),0.199,4.129,-0.113,-4.04
Mon Nov 06 2017 12:09:00 GMT+0800 (SGT),,,0.086,-4.0165
Mon Nov 06 2017 12:10:00 GMT+0800 (SGT),0.2685,,,-4.342
Mon Nov 06 2017 12:11:00 GMT+0800 (SGT),0.2725,4.128,0.001,-3.882
Mon Nov 06 2017 12:12:00 GMT+0800 (SGT),0.271,4.8,0.0505,-4.584
Mon Nov 06 2017 12:13:00 GMT+0800 (SGT),0.274,,-0.15,-3.996
Mon Nov 06 2017 12:14:00 GMT+0800 (SGT),0.2855,3.146,0.01,
Mon Nov 06 2017 12:16:00 GMT+0800 (SGT),0.376,,,
Mon Nov 06 2017 12:17:00 GMT+0800 (SGT),,5.083,,
Mon Nov 06 2017 12:18:00 GMT+0800 (SGT),,,0.075,
Mon Nov 06 2017 12:21:00 GMT+0800 (SGT),,3.822,,
Mon Nov 06 2017 12:23:00 GMT+0800 (SGT),,5.309,,
Mon Nov 06 2017 12:27:00 GMT+0800 (SGT),,4.66,,
Mon Nov 06 2017 12:37:00 GMT+0800 (SGT),,3.88,,-2.359
Mon Nov 06 2017 12:38:00 GMT+0800 (SGT),1.747,,,-2.172
Mon Nov 06 2017 12:39:00 GMT+0800 (SGT),,,,-1.777
Mon Nov 06 2017 12:40:00 GMT+0800 (SGT),1.74,,0.12,
Mon Nov 06 2017 12:41:00 GMT+0800 (SGT),,3.488,0.135,
Mon Nov 06 2017 12:42:00 GMT+0800 (SGT),,,,-2.266
Mon Nov 06 2017 12:43:00 GMT+0800 (SGT),,,0.032,
Mon Nov 06 2017 12:45:00 GMT+0800 (SGT),,3.672,,
